Channel_OrigAGP,Channel_OrigDNA,Channel_OrigER,Channel_OrigMito,Channel_OrigRNA,Count_Cells,Count_Cytoplasm,Count_Nuclei,Count_Nucleoli,ExecutionTime_01Images,ExecutionTime_02Metadata,ExecutionTime_03NamesAndTypes,ExecutionTime_04Groups,ExecutionTime_05MeasureImageQuality,ExecutionTime_06IdentifyPrimaryObjects,ExecutionTime_07IdentifySecondaryObjects,ExecutionTime_08IdentifyTertiaryObjects,ExecutionTime_09EnhanceOrSuppressFeatures,ExecutionTime_10MaskImage,ExecutionTime_11IdentifyPrimaryObjects,ExecutionTime_12MeasureObjectSizeShape,ExecutionTime_13MeasureObjectIntensity,ExecutionTime_15MeasureTexture,ExecutionTime_16RelateObjects,FileName_OrigAGP,FileName_OrigDNA,FileName_OrigER,FileName_OrigMito,FileName_OrigRNA,Frame_OrigAGP,Frame_OrigDNA,Frame_OrigER,Frame_OrigMito,Frame_OrigRNA,Group_Index,Group_Length,Group_Number,Height_OrigAGP,Height_OrigDNA,Height_OrigER,Height_OrigMito,Height_OrigRNA,ImageNumber,ImageQuality_Correlation_OrigAGP_10,ImageQuality_Correlation_OrigAGP_20,ImageQuality_Correlation_OrigAGP_5,ImageQuality_Correlation_OrigAGP_50,ImageQuality_Correlation_OrigDNA_10,ImageQuality_Correlation_OrigDNA_20,ImageQuality_Correlation_OrigDNA_5,ImageQuality_Correlation_OrigDNA_50,ImageQuality_Correlation_OrigER_10,ImageQuality_Correlation_OrigER_20,ImageQuality_Correlation_OrigER_5,ImageQuality_Correlation_OrigER_50,ImageQuality_Correlation_OrigMito_10,ImageQuality_Correlation_OrigMito_20,ImageQuality_Correlation_OrigMito_5,ImageQuality_Correlation_OrigMito_50,ImageQuality_Correlation_OrigRNA_10,ImageQuality_Correlation_OrigRNA_20,ImageQuality_Correlation_OrigRNA_5,ImageQuality_Correlation_OrigRNA_50,ImageQuality_FocusScore_OrigAGP,ImageQuality_FocusScore_OrigDNA,ImageQuality_FocusScore_OrigER,ImageQuality_FocusScore_OrigMito,ImageQuality_FocusScore_OrigRNA,ImageQuality_LocalFocusScore_OrigAGP_10,ImageQuality_LocalFocusScore_OrigAGP_20,ImageQuality_LocalFocusScore_OrigAGP_5,ImageQuality_LocalFocusScore_OrigAGP_50,ImageQuality_LocalFocusScore_OrigDNA_10,ImageQuality_LocalFocusScore_OrigDNA_20,ImageQuality_LocalFocusScore_OrigDNA_5,ImageQuality_LocalFocusScore_OrigDNA_50,ImageQuality_LocalFocusScore_OrigER_10,ImageQuality_LocalFocusScore_OrigER_20,ImageQuality_LocalFocusScore_OrigER_5,ImageQuality_LocalFocusScore_OrigER_50,ImageQuality_LocalFocusScore_OrigMito_10,ImageQuality_LocalFocusScore_OrigMito_20,ImageQuality_LocalFocusScore_OrigMito_5,ImageQuality_LocalFocusScore_OrigMito_50,ImageQuality_LocalFocusScore_OrigRNA_10,ImageQuality_LocalFocusScore_OrigRNA_20,ImageQuality_LocalFocusScore_OrigRNA_5,ImageQuality_LocalFocusScore_OrigRNA_50,ImageQuality_MADIntensity_OrigAGP,ImageQuality_MADIntensity_OrigDNA,ImageQuality_MADIntensity_OrigER,ImageQuality_MADIntensity_OrigMito,ImageQuality_MADIntensity_OrigRNA,ImageQuality_MaxIntensity_OrigAGP,ImageQuality_MaxIntensity_OrigDNA,ImageQuality_MaxIntensity_OrigER,ImageQuality_MaxIntensity_OrigMito,ImageQuality_MaxIntensity_OrigRNA,ImageQuality_MeanIntensity_OrigAGP,ImageQuality_MeanIntensity_OrigDNA,ImageQuality_MeanIntensity_OrigER,ImageQuality_MeanIntensity_OrigMito,ImageQuality_MeanIntensity_OrigRNA,ImageQuality_MedianIntensity_OrigAGP,ImageQuality_MedianIntensity_OrigDNA,ImageQuality_MedianIntensity_OrigER,ImageQuality_MedianIntensity_OrigMito,ImageQuality_MedianIntensity_OrigRNA,ImageQuality_MinIntensity_OrigAGP,ImageQuality_MinIntensity_OrigDNA,ImageQuality_MinIntensity_OrigER,ImageQuality_MinIntensity_OrigMito,ImageQuality_MinIntensity_OrigRNA,ImageQuality_PercentMaximal_OrigAGP,ImageQuality_PercentMaximal_OrigDNA,ImageQuality_PercentMaximal_OrigER,ImageQuality_PercentMaximal_OrigMito,ImageQuality_PercentMaximal_OrigRNA,ImageQuality_PercentMinimal_OrigAGP,ImageQuality_PercentMinimal_OrigDNA,ImageQuality_PercentMinimal_OrigER,ImageQuality_PercentMinimal_OrigMito,ImageQuality_PercentMinimal_OrigRNA,ImageQuality_PowerLogLogSlope_OrigAGP,ImageQuality_PowerLogLogSlope_OrigDNA,ImageQuality_PowerLogLogSlope_OrigER,ImageQuality_PowerLogLogSlope_OrigMito,ImageQuality_PowerLogLogSlope_OrigRNA,ImageQuality_Scaling_OrigAGP,ImageQuality_Scaling_OrigDNA,ImageQuality_Scaling_OrigER,ImageQuality_Scaling_OrigMito,ImageQuality_Scaling_OrigRNA,ImageQuality_StdIntensity_OrigAGP,ImageQuality_StdIntensity_OrigDNA,ImageQuality_StdIntensity_OrigER,ImageQuality_StdIntensity_OrigMito,ImageQuality_StdIntensity_OrigRNA,ImageQuality_TotalArea_OrigAGP,ImageQuality_TotalArea_OrigDNA,ImageQuality_TotalArea_OrigER,ImageQuality_TotalArea_OrigMito,ImageQuality_TotalArea_OrigRNA,ImageQuality_TotalIntensity_OrigAGP,ImageQuality_TotalIntensity_OrigDNA,ImageQuality_TotalIntensity_OrigER,ImageQuality_TotalIntensity_OrigMito,ImageQuality_TotalIntensity_OrigRNA,ImageSet_ImageSet,MD5Digest_OrigAGP,MD5Digest_OrigDNA,MD5Digest_OrigER,MD5Digest_OrigMito,MD5Digest_OrigRNA,Metadata_Channel,Metadata_FileLocation,Metadata_Frame,Metadata_Plate,Metadata_Series,Metadata_Site,Metadata_Well,ModuleError_01Images,ModuleError_02Metadata,ModuleError_03NamesAndTypes,ModuleError_04Groups,ModuleError_05MeasureImageQuality,ModuleError_06IdentifyPrimaryObjects,ModuleError_07IdentifySecondaryObjects,ModuleError_08IdentifyTertiaryObjects,ModuleError_09EnhanceOrSuppressFeatures,ModuleError_10MaskImage,ModuleError_11IdentifyPrimaryObjects,ModuleError_12MeasureObjectSizeShape,ModuleError_13MeasureObjectIntensity,ModuleError_15MeasureTexture,ModuleError_16RelateObjects,PathName_OrigAGP,PathName_OrigDNA,PathName_OrigER,PathName_OrigMito,PathName_OrigRNA,Scaling_OrigAGP,Scaling_OrigDNA,Scaling_OrigER,Scaling_OrigMito,Scaling_OrigRNA,Series_OrigAGP,Series_OrigDNA,Series_OrigER,Series_OrigMito,Series_OrigRNA,Threshold_FinalThreshold_Cells,Threshold_FinalThreshold_Nuclei,Threshold_FinalThreshold_Nucleoli,Threshold_OrigThreshold_Cells,Threshold_OrigThreshold_Nuclei,Threshold_OrigThreshold_Nucleoli,Threshold_SumOfEntropies_Cells,Threshold_SumOfEntropies_Nuclei,Threshold_SumOfEntropies_Nucleoli,Threshold_WeightedVariance_Cells,Threshold_WeightedVariance_Nuclei,Threshold_WeightedVariance_Nucleoli,URL_OrigAGP,URL_OrigDNA,URL_OrigER,URL_OrigMito,URL_OrigRNA,Width_OrigAGP,Width_OrigDNA,Width_OrigER,Width_OrigMito,Width_OrigRNA
-1,-1,-1,-1,-1,119.0,119.0,119.0,577.0,0.0,0.0,0.48,0.0,1.9700000000000002,0.3600000000000003,1.5499999999999998,0.1200000000000001,0.1900000000000004,0.0,0.17999999999999972,4.31,2.2300000000000004,2.1099999999999994,0.4399999999999995,BR00126520_E11_site1_AGP.tiff,BR00126520_E11_site1_DNA.tiff,BR00126520_E11_site1_ER.tiff,BR00126520_E11_site1_Mito.tiff,BR00126520_E11_site1_RNA.tiff,0,0,0,0,0,1,1,1,1080,1080,1080,1080,1080,1,0.568891533429305,0.2908026242201348,0.7199836194412008,-0.00017361192238197275,0.5278157340913676,0.163493796056105,0.7484963370465417,-0.04106125147781372,0.679522848978311,0.3397200151271615,0.8470705225436139,-0.03394615438844932,0.44474491307795566,0.19053268655190056,0.6426430435115792,-0.01712987545099703,0.6394713841032222,0.2984165867982356,0.8091893098989353,-0.03970897113386718,0.04450626964585845,0.11955233336470711,0.1311144880500473,0.05231244806651034,0.0985918217989806,0.04033500603668241,0.03758271628385477,0.03151683695779332,0.02668538775118851,0.5925985316348349,1.3698750176263705,0.22925936983158654,0.052241139317485585,0.06340744906869009,0.0822122694992945,0.035151460731601074,0.046770673221958554,0.08818619231644761,0.06112387747858202,0.08023418059346066,0.028630271524573692,0.037954057628479,0.052128610167433115,0.021306102695307808,0.039119582317525964,0.03137255,0.0,0.03529412,0.011764707,0.027450982,1.0,1.0,1.0,1.0,1.0,0.06421564884473593,0.019234091676311727,0.08082565077374829,0.06096674998928327,0.06218980409807956,0.0627451,0.003921569,0.039215688,0.039215688,0.03137255,0.0,0.0,0.0,0.0,0.0,8.573388203017832e-05,8.573388203017832e-05,8.573388203017832e-05,8.573388203017832e-05,8.573388203017832e-05,0.08239026063100137,9.09173525377229,0.6001371742112482,0.039780521262002745,5.911865569272977,-1.7264205854273862,-1.7609365307618343,-1.991278849770781,-1.3846179990321248,-1.8939683132571445,255,255,255,255,255,0.053460255,0.047952898,0.10294374,0.056474064,0.07830329,1166400,1166400,1166400,1166400,1166400,74901.13,22434.645,94275.04,71111.62,72538.19,b'eLtMChx1G23RDpZx5dH2LB0De7RZOzplMowDfLRtS9/wDqJe2Q2qOe0AiXBuVg==',a42f95246a0dca2a38d78ed5efe4b49c,048819e4b98cc1704cd3fc668c00b1b9,549f1bf5d322d3a4cd6126dc00a953d7,cefa1f88f619cae512152ae6b647280a,746d54978644a2ef49822685b0dc933a,,,0,BR00126520,0,1,E11,0,0,0,0,0,0,0,0,0,0,0,0,0,0,0,/home/user/Documents/WorkingDir/JUMPDiscovery_attempt_2/TH_analysis/high_res_images,/home/user/Documents/WorkingDir/JUMPDiscovery_attempt_2/TH_analysis/high_res_images,/home/user/Documents/WorkingDir/JUMPDiscovery_attempt_2/TH_analysis/high_res_images,/home/user/Documents/WorkingDir/JUMPDiscovery_attempt_2/TH_analysis/high_res_images,/home/user/Documents/WorkingDir/JUMPDiscovery_attempt_2/TH_analysis/high_res_images,255,255,255,255,255,0,0,0,0,0,0.044318947941064835,0.0413782112300396,0.06363357603549957,0.044318948,0.04137821,0.063633576,-11.998730276788194,-12.116093824678988,-12.660730596307555,0.5257472022532119,0.26300701938201615,2.6077990301985543,file:/home/user/Documents/WorkingDir/JUMPDiscovery_attempt_2/TH_analysis/high_res_images/BR00126520_E11_site1_AGP.tiff,file:/home/user/Documents/WorkingDir/JUMPDiscovery_attempt_2/TH_analysis/high_res_images/BR00126520_E11_site1_DNA.tiff,file:/home/user/Documents/WorkingDir/JUMPDiscovery_attempt_2/TH_analysis/high_res_images/BR00126520_E11_site1_ER.tiff,file:/home/user/Documents/WorkingDir/JUMPDiscovery_attempt_2/TH_analysis/high_res_images/BR00126520_E11_site1_Mito.tiff,file:/home/user/Documents/WorkingDir/JUMPDiscovery_attempt_2/TH_analysis/high_res_images/BR00126520_E11_site1_RNA.tiff,1080,1080,1080,1080,1080
-1,-1,-1,-1,-1,119.0,119.0,119.0,569.0,0.0,0.0,0.28999999999999915,0.0,1.8900000000000006,0.34999999999999787,1.5500000000000043,0.10999999999999943,0.17999999999999972,0.0,0.18999999999999773,4.02,2.16,1.8200000000000003,0.4400000000000013,BR00126520_E11_site2_AGP.tiff,BR00126520_E11_site2_DNA.tiff,BR00126520_E11_site2_ER.tiff,BR00126520_E11_site2_Mito.tiff,BR00126520_E11_site2_RNA.tiff,0,0,0,0,0,1,1,2,1080,1080,1080,1080,1080,2,0.25027664259446425,0.013010731010397614,0.5538553511263064,-0.003207141408427739,0.5533931670912003,0.16691464547638743,0.7808555576135228,-0.05634982160099395,0.6275710170567486,0.29004816585380255,0.805547952253584,-0.05404035559786109,0.3676038446896675,0.11844352821504023,0.5816262190586617,-0.028767164792784333,0.5663412924262483,0.23441837586912234,0.7533127308864593,-0.04059832418298664,0.019254495878456894,0.13942326870490077,0.07891748100033485,0.04497838757968759,0.06847225430319291,0.026650633293649,0.03194699571222386,0.017557362450350073,0.03511934771254884,1.0564148218008722,2.359492205365026,0.32330415327084255,0.049185674371118024,0.022986400819973832,0.04162241551185917,0.011029228647924159,0.02285517629154027,0.06177136929805203,0.04984200490241101,0.05849708463816767,0.029166782453225036,0.017949616482846275,0.03246389738329467,0.011289227743504536,0.01974828263967109,0.015686274,0.0,0.03137255,0.011764705,0.03137255,1.0,1.0,1.0,1.0,1.0,0.035073319214034636,0.026158345121742112,0.06491146637088477,0.04765986689814815,0.05718545712234225,0.03529412,0.003921569,0.039215688,0.02745098,0.03529412,0.0,0.0,0.0,0.0,0.0,8.573388203017832e-05,8.573388203017832e-05,8.573388203017832e-05,8.573388203017832e-05,8.573388203017832e-05,4.077417695473251,1.992798353909465,7.8919753086419755,0.006772976680384088,11.428926611796982,-1.5973155063168447,-1.8104721605614316,-2.0727212211278236,-1.3403505439563028,-1.8534696032468052,255,255,255,255,255,0.025986902,0.060391076,0.071572684,0.04629972,0.06257489,1166400,1166400,1166400,1166400,1166400,40909.52,30511.094,75712.734,55590.47,66701.12,b'eLtMChx1G23RDo5x5dEhH7oG9mizlp6hPdqopXOAj7Zt6RveQdQru0E1px0AmWZuWw==',2354026599db86d21598ee0d11f51d1d,08ddde8200c7492f6fc47a6bf5dd07f9,36edbccbe70f624a2aafe1fb5636b1b3,21a1d128dd8960488dbdd236c06c7663,085981703576175e50efd28198052720,,,0,BR00126520,0,2,E11,0,0,0,0,0,0,0,0,0,0,0,0,0,0,0,/home/user/Documents/WorkingDir/JUMPDiscovery_attempt_2/TH_analysis/high_res_images,/home/user/Documents/WorkingDir/JUMPDiscovery_attempt_2/TH_analysis/high_res_images,/home/user/Documents/WorkingDir/JUMPDiscovery_attempt_2/TH_analysis/high_res_images,/home/user/Documents/WorkingDir/JUMPDiscovery_attempt_2/TH_analysis/high_res_images,/home/user/Documents/WorkingDir/JUMPDiscovery_attempt_2/TH_analysis/high_res_images,255,255,255,255,255,0,0,0,0,0,0.027914099395275116,0.049264095723629,0.05064339190721512,0.0279141,0.049264096,0.050643392,-11.834667778832653,-12.153026004196324,-12.699411413777533,0.7005492429140909,0.4011803427956416,3.063942656048734,file:/home/user/Documents/WorkingDir/JUMPDiscovery_attempt_2/TH_analysis/high_res_images/BR00126520_E11_site2_AGP.tiff,file:/home/user/Documents/WorkingDir/JUMPDiscovery_attempt_2/TH_analysis/high_res_images/BR00126520_E11_site2_DNA.tiff,file:/home/user/Documents/WorkingDir/JUMPDiscovery_attempt_2/TH_analysis/high_res_images/BR00126520_E11_site2_ER.tiff,file:/home/user/Documents/WorkingDir/JUMPDiscovery_attempt_2/TH_analysis/high_res_images/BR00126520_E11_site2_Mito.tiff,file:/home/user/Documents/WorkingDir/JUMPDiscovery_attempt_2/TH_analysis/high_res_images/BR00126520_E11_site2_RNA.tiff,1080,1080,1080,1080,1080
-1,-1,-1,-1,-1,105.0,105.0,105.0,532.0,0.0,0.0,0.240000000000002,0.0,1.8699999999999974,0.33000000000000185,1.1899999999999977,0.10000000000000142,0.17999999999999972,0.0,0.17999999999999972,3.8500000000000014,1.8100000000000023,1.5899999999999963,0.46000000000000085,BR00126550_C21_site1_AGP.tiff,BR00126550_C21_site1_DNA.tiff,BR00126550_C21_site1_ER.tiff,BR00126550_C21_site1_Mito.tiff,BR00126550_C21_site1_RNA.tiff,0,0,0,0,0,1,1,3,1080,1080,1080,1080,1080,3,0.3925873181185901,0.15324024634101635,0.6004085392675409,-0.00517364781788284,0.5459869900796963,0.17492872947862823,0.7776333786349799,-0.04877430531834488,0.6718866079978824,0.33179710373676813,0.8387195527251362,-0.06664866596526058,0.426172588884866,0.13080241180765884,0.6486978573959225,-0.02877644338847129,0.6055067084683515,0.2639941733786412,0.7914084689360008,-0.042640322728740826,0.018763041398054077,0.12151497554437254,0.08243765715045147,0.05646145992508107,0.07573828043860112,0.046407922452911754,0.05491393946053378,0.016138684372463775,0.02156786749735356,0.4053298750590225,1.2646410647698716,0.10430314062027402,0.06276068191473261,0.03985172752696293,0.0612057078600526,0.014258130342585105,0.05237937862530789,0.09274717743930182,0.0706533604108769,0.06588161221024558,0.04686088945542584,0.03460967941497548,0.06021293722591731,0.014364897998927055,0.07086441176045952,0.011764707,0.0,0.027450982,0.007843137,0.027450982,1.0,1.0,1.0,1.0,1.0,0.033336719151877574,0.021323029527284806,0.06205108265817901,0.043647273394633056,0.05187525452246228,0.03137255,0.003921569,0.03529412,0.023529412,0.03137255,0.0,0.0,0.0,0.0,0.0,8.573388203017832e-05,8.573388203017832e-05,8.573388203017832e-05,8.573388203017832e-05,8.573388203017832e-05,0.0751886145404664,5.281464334705076,0.1637517146776406,0.009602194787379973,3.4275548696844993,-1.7282933528914388,-1.9148340587055677,-2.206953272019872,-1.4719329504708691,-1.9824125307350702,255,255,255,255,255,0.025009962,0.050902527,0.07152165,0.04964261,0.06268128,1166400,1166400,1166400,1166400,1166400,38883.95,24871.182,72376.38,50910.18,60507.297,b'eLtMChx1G23RDo4+8mh7lq6BPdqspWdojzZq6Rzgo21b+oZ3EPXKblDNaQcAqdRuYA==',b799a31acf52aa1cdabd9d6d6fa74dda,e581c0649d147620c534db551f33d08f,f988eaf4c0fa51bfd4967f9ed2790905,0f693ab6e65eb51537b474534d14fc8d,ab340e04129ca0d521e0c5b35a28442f,,,0,BR00126550,0,1,C21,0,0,0,0,0,0,0,0,0,0,0,0,0,0,0,/home/user/Documents/WorkingDir/JUMPDiscovery_attempt_2/TH_analysis/high_res_images,/home/user/Documents/WorkingDir/JUMPDiscovery_attempt_2/TH_analysis/high_res_images,/home/user/Documents/WorkingDir/JUMPDiscovery_attempt_2/TH_analysis/high_res_images,/home/user/Documents/WorkingDir/JUMPDiscovery_attempt_2/TH_analysis/high_res_images,/home/user/Documents/WorkingDir/JUMPDiscovery_attempt_2/TH_analysis/high_res_images,255,255,255,255,255,0,0,0,0,0,0.03176700696349144,0.04560944065451622,0.0429687462747097,0.031767007,0.04560944,0.042968746,-11.609301334583444,-12.132827565815786,-12.734414345827116,0.7236760209136309,0.455038227162366,3.19943757246645,file:/home/user/Documents/WorkingDir/JUMPDiscovery_attempt_2/TH_analysis/high_res_images/BR00126550_C21_site1_AGP.tiff,file:/home/user/Documents/WorkingDir/JUMPDiscovery_attempt_2/TH_analysis/high_res_images/BR00126550_C21_site1_DNA.tiff,file:/home/user/Documents/WorkingDir/JUMPDiscovery_attempt_2/TH_analysis/high_res_images/BR00126550_C21_site1_ER.tiff,file:/home/user/Documents/WorkingDir/JUMPDiscovery_attempt_2/TH_analysis/high_res_images/BR00126550_C21_site1_Mito.tiff,file:/home/user/Documents/WorkingDir/JUMPDiscovery_attempt_2/TH_analysis/high_res_images/BR00126550_C21_site1_RNA.tiff,1080,1080,1080,1080,1080
-1,-1,-1,-1,-1,105.0,105.0,105.0,420.0,0.0,0.0,0.240000000000002,0.0,1.9000000000000057,0.3399999999999963,1.490000000000002,0.10999999999999943,0.1700000000000017,0.0,0.1700000000000017,3.979999999999997,2.049999999999997,1.5,0.46000000000000085,BR00126550_C21_site2_AGP.tiff,BR00126550_C21_site2_DNA.tiff,BR00126550_C21_site2_ER.tiff,BR00126550_C21_site2_Mito.tiff,BR00126550_C21_site2_RNA.tiff,0,0,0,0,0,1,1,4,1080,1080,1080,1080,1080,4,0.49552969011715103,0.20024076972146695,0.7029418842419052,-0.00988063881164183,0.518303258774007,0.12583201141044228,0.7763214763181515,-0.030900560949018267,0.681419454750931,0.32857254630401195,0.8506092004647691,-0.053104730940575474,0.5503797500924996,0.23542049449404853,0.7543614530164199,-0.02058768416472322,0.612188519381314,0.2607386040011631,0.8019128720290831,-0.03427222735180889,0.028927578843117318,0.13239471398432673,0.10107061767196948,0.08276861826413023,0.08269903360254093,0.024517267258303298,0.029511399013089797,0.013250667027569048,0.03422380305907049,0.44533537390591016,1.3866140877273114,0.12129304976449669,0.07864572444352236,0.036690823035357936,0.06362804338024677,0.012767483055817073,0.0705865241673339,0.12493693488731406,0.13367992037982457,0.07247088922919384,0.097904341541089,0.026104281705749344,0.05934748175424947,0.011107339885277151,0.08381194464107193,0.019607842,0.0,0.027450982,0.011764707,0.023529412,1.0,1.0,1.0,1.0,1.0,0.0338540628482939,0.023091602299275548,0.06396527911736968,0.05614303023726852,0.04894697024498457,0.03137255,0.003921569,0.03529412,0.03137255,0.02745098,0.0,0.0,0.0,0.0,0.0,8.573388203017832e-05,8.573388203017832e-05,8.573388203017832e-05,8.573388203017832e-05,8.573388203017832e-05,4.106395747599452,2.888888888888889,0.6664094650205762,0.0022290809327846365,6.850051440329218,-1.8937232443569527,-2.0213484476651797,-2.3610149326135077,-1.6316943705653189,-2.115098347859618,255,255,255,255,255,0.031294025,0.05529201,0.08040529,0.06816804,0.06362285,1166400,1166400,1166400,1166400,1166400,39487.38,26934.045,74609.1,65485.23,57091.746,b'eLtMChx1G23RDpY+8mh7lo6BPdqsHR3+GcYBPtq2pW94B1Gv7AbVnHYAucpuZQ==',e180441d305014b4654f718a4fc35b0a,c69c915b727d23495d5208e022eeb65d,08b6199fefe662ee3f860760a7fba9e5,382174ab92184d67808aa92f0530a516,9400c000e349e2fba9f20e0ef82e7209,,,0,BR00126550,0,2,C21,0,0,0,0,0,0,0,0,0,0,0,0,0,0,0,/home/user/Documents/WorkingDir/JUMPDiscovery_attempt_2/TH_analysis/high_res_images,/home/user/Documents/WorkingDir/JUMPDiscovery_attempt_2/TH_analysis/high_res_images,/home/user/Documents/WorkingDir/JUMPDiscovery_attempt_2/TH_analysis/high_res_images,/home/user/Documents/WorkingDir/JUMPDiscovery_attempt_2/TH_analysis/high_res_images,/home/user/Documents/WorkingDir/JUMPDiscovery_attempt_2/TH_analysis/high_res_images,255,255,255,255,255,0,0,0,0,0,0.023698482662439346,0.04778977856040001,0.03929228335618973,0.023698483,0.04778978,0.039292283,-12.204243033687906,-12.402929074726167,-12.69119021741458,0.5636439592621209,0.5172330745130226,2.5089708237826835,file:/home/user/Documents/WorkingDir/JUMPDiscovery_attempt_2/TH_analysis/high_res_images/BR00126550_C21_site2_AGP.tiff,file:/home/user/Documents/WorkingDir/JUMPDiscovery_attempt_2/TH_analysis/high_res_images/BR00126550_C21_site2_DNA.tiff,file:/home/user/Documents/WorkingDir/JUMPDiscovery_attempt_2/TH_analysis/high_res_images/BR00126550_C21_site2_ER.tiff,file:/home/user/Documents/WorkingDir/JUMPDiscovery_attempt_2/TH_analysis/high_res_images/BR00126550_C21_site2_Mito.tiff,file:/home/user/Documents/WorkingDir/JUMPDiscovery_attempt_2/TH_analysis/high_res_images/BR00126550_C21_site2_RNA.tiff,1080,1080,1080,1080,1080
-1,-1,-1,-1,-1,130.0,130.0,130.0,681.0,0.0,0.010000000000005116,0.19999999999999574,0.0,2.0,0.3399999999999963,1.7800000000000011,0.13000000000000256,0.17999999999999972,0.00999999999999801,0.17999999999999972,4.240000000000002,2.3699999999999974,3.030000000000001,0.45000000000000284,BR00126551_C21_site1_AGP.tiff,BR00126551_C21_site1_DNA.tiff,BR00126551_C21_site1_ER.tiff,BR00126551_C21_site1_Mito.tiff,BR00126551_C21_site1_RNA.tiff,0,0,0,0,0,1,1,5,1080,1080,1080,1080,1080,5,0.5545992394954112,0.28576011894466435,0.7202355716951088,0.000799940326753556,0.6133386140060648,0.19521042390420063,0.8429688617889051,-0.05380357508608386,0.718332583704756,0.3799409594875778,0.8723606129612551,-0.021333178814318985,0.4676958764663081,0.1979885619415596,0.6697894509519391,-0.005014010596007023,0.6740189321779809,0.3523992260810317,0.8259142198350313,0.0002310554546587065,0.03924433873922478,0.2552247518081293,0.12616458184810764,0.06747723302251309,0.10162671953282679,0.030126191748893326,0.02790523574970248,0.02436424711470881,0.017724217802953156,3.3329500351745747,9.40736273510559,0.672500786274003,0.12470433426645765,0.04311376429716921,0.0528629154480901,0.02184956959256266,0.03918243487683895,0.07340579186487431,0.06231934837984346,0.06870792785390427,0.03644451034450588,0.03312709997455011,0.03661883197228746,0.022678404234442076,0.03095590884257301,0.031372547,0.0039215693,0.050980397,0.015686275,0.047058824,1.0,1.0,1.0,1.0,1.0,0.07498414592978395,0.05596585916066529,0.11173656657235939,0.06163310988940329,0.08882588788151577,0.07450981,0.015686275,0.06666667,0.03529412,0.05490196,0.0,0.0,0.0,0.0,0.0,8.573388203017832e-05,8.573388203017832e-05,8.573388203017832e-05,8.573388203017832e-05,8.573388203017832e-05,0.04895404663923182,0.02409122085048011,0.02709190672153635,0.006172839506172839,0.3022976680384088,-1.7405885624233008,-1.852630682248683,-2.135214094930087,-1.44516790751654,-1.8859161203549117,255,255,255,255,255,0.05424669,0.11951516,0.11873162,0.06448901,0.095010966,1166400,1166400,1166400,1166400,1166400,87461.51,65278.58,130329.53,71888.86,103606.516,b'eLtMChx1G23RDmQf2RDeRx5tz9I1sEebtfQM7dFGLZ0DfLRtS9/wDqJe2Q2qOe0AufxuZQ==',e1b7b9ef62b4405ad0f65b40c814c96f,90496f27e35343d7c1c9efd716900dbb,c86e78cef2dc748813bf4222b4d14aa0,d99321c16ef122b4fedc2ad9182fa99d,acf8f8b2e5b59df55328492581fbc340,,,0,BR00126551,0,1,C21,0,0,0,0,0,0,0,0,0,0,0,0,0,0,0,/home/user/Documents/WorkingDir/JUMPDiscovery_attempt_2/TH_analysis/high_res_images,/home/user/Documents/WorkingDir/JUMPDiscovery_attempt_2/TH_analysis/high_res_images,/home/user/Documents/WorkingDir/JUMPDiscovery_attempt_2/TH_analysis/high_res_images,/home/user/Documents/WorkingDir/JUMPDiscovery_attempt_2/TH_analysis/high_res_images,/home/user/Documents/WorkingDir/JUMPDiscovery_attempt_2/TH_analysis/high_res_images,255,255,255,255,255,0,0,0,0,0,0.048185065388679504,0.11550634354352951,0.0751761645078659,0.048185065,0.11550634,0.075176165,-11.90531834826133,-11.84256115793022,-12.60186533452758,0.4393590565750424,0.4061540599877656,2.6804548262403145,file:/home/user/Documents/WorkingDir/JUMPDiscovery_attempt_2/TH_analysis/high_res_images/BR00126551_C21_site1_AGP.tiff,file:/home/user/Documents/WorkingDir/JUMPDiscovery_attempt_2/TH_analysis/high_res_images/BR00126551_C21_site1_DNA.tiff,file:/home/user/Documents/WorkingDir/JUMPDiscovery_attempt_2/TH_analysis/high_res_images/BR00126551_C21_site1_ER.tiff,file:/home/user/Documents/WorkingDir/JUMPDiscovery_attempt_2/TH_analysis/high_res_images/BR00126551_C21_site1_Mito.tiff,file:/home/user/Documents/WorkingDir/JUMPDiscovery_attempt_2/TH_analysis/high_res_images/BR00126551_C21_site1_RNA.tiff,1080,1080,1080,1080,1080
-1,-1,-1,-1,-1,130.0,130.0,130.0,591.0,0.0,0.0,0.20999999999999375,0.0,1.9200000000000017,0.3400000000000034,1.5600000000000023,0.12000000000000455,0.1799999999999926,0.0,0.1700000000000017,4.1699999999999875,2.239999999999995,2.210000000000008,0.519999999999996,BR00126551_C21_site2_AGP.tiff,BR00126551_C21_site2_DNA.tiff,BR00126551_C21_site2_ER.tiff,BR00126551_C21_site2_Mito.tiff,BR00126551_C21_site2_RNA.tiff,0,0,0,0,0,1,1,6,1080,1080,1080,1080,1080,6,0.44065119243581957,0.1702840601841949,0.647600757554564,0.007826811663731935,0.5890122558307421,0.16173099415748352,0.8213929117515023,-0.026387043962167463,0.6611747022511696,0.30521596628293557,0.8342504360130474,-0.043732104929229736,0.5022197135118895,0.2084563165202084,0.7121954841125175,-0.024729654911954495,0.619286090015577,0.2649688608778577,0.7967748127453456,-0.03829706269986929,0.029833532483778805,0.17439682136057055,0.08996458147050816,0.07615113568476382,0.0824284919203543,0.03651336102762775,0.03050541559860318,0.020321551105401223,0.0311532637416166,1.0764165041413185,2.978727613449858,0.22800560350093033,0.06728170159276178,0.03211872677872889,0.04185559632779858,0.01642772947102239,0.043176127903767784,0.08700185422977101,0.07431857749727286,0.0721746915911252,0.046256214042163214,0.029683104385866552,0.035420640365637905,0.019063897491261986,0.051526965899675835,0.02352941,0.0039215684,0.039215688,0.019607844,0.043137256,1.0,1.0,1.0,1.0,1.0,0.059712048021690674,0.037347842453275035,0.08808692210005144,0.07211871195558985,0.07804967474708505,0.05882353,0.007843138,0.05490196,0.043137256,0.050980393,0.0,0.0,0.0,0.0,0.0,8.573388203017832e-05,8.573388203017832e-05,8.573388203017832e-05,8.573388203017832e-05,8.573388203017832e-05,0.11205418381344308,0.19641632373113854,0.03489368998628258,0.006601508916323731,0.23962620027434842,-1.7268144276444777,-1.8543536905698048,-2.118101015432451,-1.449352257178112,-1.867070548981095,255,255,255,255,255,0.042206887,0.0807053,0.0890208,0.074107505,0.08020921,1166400,1166400,1166400,1166400,1166400,69648.13,43562.523,102744.586,84119.266,91037.14,b'eLtMChx1G23RDmQf2XB0yGdgAnu0WUvP0B5t1NI5wEfbtvQN7yDqld2gmtMOAMnybmo=',d51925350e0109450381678fea005bcd,a5d6a42707719c1f7daa27ab44d0739d,a6001a50760764c7ddeb71f91df45e99,38760146fb940b526bab70c3e15a75f3,1e8d499f886ea5755b848fa7ead36de3,,,0,BR00126551,0,2,C21,0,0,0,0,0,0,0,0,0,0,0,0,0,0,0,/home/user/Documents/WorkingDir/JUMPDiscovery_attempt_2/TH_analysis/high_res_images,/home/user/Documents/WorkingDir/JUMPDiscovery_attempt_2/TH_analysis/high_res_images,/home/user/Documents/WorkingDir/JUMPDiscovery_attempt_2/TH_analysis/high_res_images,/home/user/Documents/WorkingDir/JUMPDiscovery_attempt_2/TH_analysis/high_res_images,/home/user/Documents/WorkingDir/JUMPDiscovery_attempt_2/TH_analysis/high_res_images,255,255,255,255,255,0,0,0,0,0,0.0474754273891449,0.07308808714151382,0.0593060702085495,0.047475427,0.07308809,0.05930607,-11.711133645815071,-11.993414902363156,-12.782129767808069,0.6209021234534174,0.5010182571581301,3.19320508185822,file:/home/user/Documents/WorkingDir/JUMPDiscovery_attempt_2/TH_analysis/high_res_images/BR00126551_C21_site2_AGP.tiff,file:/home/user/Documents/WorkingDir/JUMPDiscovery_attempt_2/TH_analysis/high_res_images/BR00126551_C21_site2_DNA.tiff,file:/home/user/Documents/WorkingDir/JUMPDiscovery_attempt_2/TH_analysis/high_res_images/BR00126551_C21_site2_ER.tiff,file:/home/user/Documents/WorkingDir/JUMPDiscovery_attempt_2/TH_analysis/high_res_images/BR00126551_C21_site2_Mito.tiff,file:/home/user/Documents/WorkingDir/JUMPDiscovery_attempt_2/TH_analysis/high_res_images/BR00126551_C21_site2_RNA.tiff,1080,1080,1080,1080,1080
-1,-1,-1,-1,-1,410.0,410.0,410.0,2655.0,0.0,0.0,0.18999999999999773,0.0,2.589999999999989,0.480000000000004,1.5,0.12000000000000455,0.25,0.0,0.269999999999996,5.450000000000003,2.839999999999989,7.260000000000005,0.6500000000000057,CP-CC9-R3-03_E11_site1_AGP.tiff,CP-CC9-R3-03_E11_site1_DNA.tiff,CP-CC9-R3-03_E11_site1_ER.tiff,CP-CC9-R3-03_E11_site1_Mito.tiff,CP-CC9-R3-03_E11_site1_RNA.tiff,0,0,0,0,0,1,1,7,1080,1080,1080,1080,1080,7,0.46619628922025763,0.37094323314055744,0.5538429490692919,0.23387153686259107,0.4436905733667806,0.08254483307348194,0.6846309172963676,0.016243438130443953,0.5263397199262047,0.3719164909968908,0.6541188270824881,0.20132544177742467,0.0706141791019691,0.0038147905668000654,0.20688738852244606,0.0015442016894692998,0.5185829206279572,0.37234446636861485,0.653530276448061,0.21615257504244423,0.027210045487382383,0.08567108678438627,0.06913344994954447,0.01592617890578888,0.07582192886824472,0.016002698562643875,0.013565886579550747,0.014768980052681638,0.013291010483830218,0.5155459304053244,0.09171368533048418,0.16676831307518905,0.024670169529374366,0.025891584659232785,0.02301905813443168,0.027365680644472232,0.02403102742225754,0.012018867160195254,0.01194237333320993,0.007914652097057924,0.004469865122391108,0.03275211753512055,0.02755216573739746,0.035163993979363574,0.027954007625771868,0.031372555,0.015686274,0.0745098,0.011764706,0.06666667,1.0,1.0,1.0,1.0,1.0,0.1241008617259838,0.06927269829644098,0.21082481101707176,0.024867242883752895,0.17401074444806133,0.11764706,0.03529412,0.20392157,0.019607844,0.16078432,0.0,0.0,0.0,0.0,0.0,7.233796296296296e-05,7.233796296296296e-05,7.233796296296296e-05,7.233796296296296e-05,7.233796296296296e-05,0.001736111111111111,0.005425347222222222,0.01077835648148148,0.8843315972222222,0.38548900462962965,-1.223713056818482,-1.2835584943253515,-1.1682739936214348,-1.1970733523164103,-1.149304787509262,255,255,255,255,255,0.058110155,0.07703679,0.12072716,0.019900758,0.1148644,1382400,1382400,1382400,1382400,1382400,171557.03,95762.58,291444.22,34376.477,240552.45,b'eLtMChx1G23RDnTyGm3RDlBwjzZtR5u2wzzIR9u49A7xIOqV4aA61A4AjuxxZw==',164583f8b43669f11516949f12c1e7dc,a3b8708ca11749286df72883d442164b,2208b582d6d556305ba0d3e989eee807,1199cea68354caaaab505ea507cdf872,ee6bee6a960888bbcf564783067d0fdb,,,0,CP-CC9-R3-03,0,1,E11,0,0,0,0,0,0,0,0,0,0,0,0,0,0,0,/home/user/Documents/WorkingDir/JUMPDiscovery_attempt_2/TH_analysis/high_res_images,/home/user/Documents/WorkingDir/JUMPDiscovery_attempt_2/TH_analysis/high_res_images,/home/user/Documents/WorkingDir/JUMPDiscovery_attempt_2/TH_analysis/high_res_images,/home/user/Documents/WorkingDir/JUMPDiscovery_attempt_2/TH_analysis/high_res_images,/home/user/Documents/WorkingDir/JUMPDiscovery_attempt_2/TH_analysis/high_res_images,255,255,255,255,255,0,0,0,0,0,0.12246787548065186,0.0922517403960228,0.10589001327753067,0.122467875,0.09225174,0.10589001,-10.759039275998191,-11.674940431652235,-12.653212297633367,0.40865132706196705,0.4110714118339173,2.7243926292030687,file:/home/user/Documents/WorkingDir/JUMPDiscovery_attempt_2/TH_analysis/high_res_images/CP-CC9-R3-03_E11_site1_AGP.tiff,file:/home/user/Documents/WorkingDir/JUMPDiscovery_attempt_2/TH_analysis/high_res_images/CP-CC9-R3-03_E11_site1_DNA.tiff,file:/home/user/Documents/WorkingDir/JUMPDiscovery_attempt_2/TH_analysis/high_res_images/CP-CC9-R3-03_E11_site1_ER.tiff,file:/home/user/Documents/WorkingDir/JUMPDiscovery_attempt_2/TH_analysis/high_res_images/CP-CC9-R3-03_E11_site1_Mito.tiff,file:/home/user/Documents/WorkingDir/JUMPDiscovery_attempt_2/TH_analysis/high_res_images/CP-CC9-R3-03_E11_site1_RNA.tiff,1280,1280,1280,1280,1280
-1,-1,-1,-1,-1,384.0,384.0,384.0,2560.0,0.0,0.0,0.1599999999999966,0.010000000000005116,2.519999999999996,0.480000000000004,2.549999999999997,0.15000000000000568,0.21999999999999886,0.0,0.25,5.8500000000000085,3.4299999999999926,4.209999999999994,0.5999999999999943,CP-CC9-R3-03_E11_site2_AGP.tiff,CP-CC9-R3-03_E11_site2_DNA.tiff,CP-CC9-R3-03_E11_site2_ER.tiff,CP-CC9-R3-03_E11_site2_Mito.tiff,CP-CC9-R3-03_E11_site2_RNA.tiff,0,0,0,0,0,1,1,8,1080,1080,1080,1080,1080,8,0.3564382987417659,0.2509613823641494,0.4553039271839244,0.1469146669764457,0.4339884800524529,0.11203072851903864,0.6570734172328158,0.004261625546854103,0.3584689638292605,0.23590976834119004,0.4917853709186538,0.15210148478653057,0.12899427565469115,0.01857129244033009,0.30091632625589154,0.02357621836818057,0.38478652843370237,0.25650278936089754,0.528470253045523,0.17135880814562784,0.026041995233909872,0.06252917258236304,0.03878188544335042,0.02230584565039992,0.04936015416836712,0.027970361859405546,0.02621034593341731,0.021066464479976784,0.01826310082767898,0.33180108682331527,0.13186066187061882,0.10673878046854018,0.024119700435868963,0.02391763422982087,0.024442636271028367,0.01749752397238954,0.01967045848356908,0.0386147943946821,0.0489896532584917,0.021770467909808106,0.03521305093525815,0.018497760224500764,0.017087512307633605,0.016136389313381228,0.018987372481413432,0.027450986,0.011764707,0.035294123,0.011764707,0.04313726,1.0,1.0,1.0,1.0,1.0,0.09601225676359953,0.05761998494466146,0.08921560216833044,0.028887956407335068,0.09184956303349248,0.09803922,0.03137255,0.09019608,0.023529412,0.09019608,0.0,0.0,0.0,0.0,0.0,7.233796296296296e-05,7.233796296296296e-05,7.233796296296296e-05,7.233796296296296e-05,7.233796296296296e-05,0.002459490740740741,0.001591435185185185,4.456235532407407,0.9294704861111112,8.675636574074074,-1.2546317315466293,-1.356281823190712,-1.199858635017027,-1.1839797631778752,-1.1688762023926653,255,255,255,255,255,0.050003506,0.060024414,0.05882133,0.02538445,0.06733282,1382400,1382400,1382400,1382400,1382400,132727.34,79653.87,123331.65,39934.71,126972.836,b'eLtMChx1G23RDnTygtX9o4M+dA7u0aYtfcN7tGlL9yAfbePSO8SDqFeGg+pQOwCe9nFs',06de1b25a59475ecd31318a29a3b37ba,4619cbe2fdd062a16e46e6df5963c72d,dfc7d3098372005b291d96d400ecbc1b,ad02479aad4e47edb92a340ab3986523,46712b754a699453afced8de256adfad,,,0,CP-CC9-R3-03,0,2,E11,0,0,0,0,0,0,0,0,0,0,0,0,0,0,0,/home/user/Documents/WorkingDir/JUMPDiscovery_attempt_2/TH_analysis/high_res_images,/home/user/Documents/WorkingDir/JUMPDiscovery_attempt_2/TH_analysis/high_res_images,/home/user/Documents/WorkingDir/JUMPDiscovery_attempt_2/TH_analysis/high_res_images,/home/user/Documents/WorkingDir/JUMPDiscovery_attempt_2/TH_analysis/high_res_images,/home/user/Documents/WorkingDir/JUMPDiscovery_attempt_2/TH_analysis/high_res_images,255,255,255,255,255,0,0,0,0,0,0.05921541899442673,0.07743284851312637,0.059267766773700714,0.05921542,0.07743285,0.059267767,-11.645168153141519,-11.625869901083663,-12.662913481817977,0.29654823597928043,0.35973172007671866,2.1767692557194063,file:/home/user/Documents/WorkingDir/JUMPDiscovery_attempt_2/TH_analysis/high_res_images/CP-CC9-R3-03_E11_site2_AGP.tiff,file:/home/user/Documents/WorkingDir/JUMPDiscovery_attempt_2/TH_analysis/high_res_images/CP-CC9-R3-03_E11_site2_DNA.tiff,file:/home/user/Documents/WorkingDir/JUMPDiscovery_attempt_2/TH_analysis/high_res_images/CP-CC9-R3-03_E11_site2_ER.tiff,file:/home/user/Documents/WorkingDir/JUMPDiscovery_attempt_2/TH_analysis/high_res_images/CP-CC9-R3-03_E11_site2_Mito.tiff,file:/home/user/Documents/WorkingDir/JUMPDiscovery_attempt_2/TH_analysis/high_res_images/CP-CC9-R3-03_E11_site2_RNA.tiff,1280,1280,1280,1280,1280
-1,-1,-1,-1,-1,425.0,425.0,425.0,2777.0,0.0,0.0,0.20000000000001705,0.0,2.7099999999999937,0.5099999999999909,1.8900000000000148,0.12000000000000455,0.23999999999998067,0.0,0.2599999999999909,5.810000000000002,3.0999999999999943,7.400000000000006,0.5700000000000216,CP-CC9-R3-03_J21_site1_AGP.tiff,CP-CC9-R3-03_J21_site1_DNA.tiff,CP-CC9-R3-03_J21_site1_ER.tiff,CP-CC9-R3-03_J21_site1_Mito.tiff,CP-CC9-R3-03_J21_site1_RNA.tiff,0,0,0,0,0,1,1,9,1080,1080,1080,1080,1080,9,0.509072441071268,0.42496337454625255,0.5820171044870184,0.3218946678501115,0.48941466588976895,0.12106314087476854,0.7275146620472197,0.016379663440324578,0.5448353234052074,0.426908326814527,0.6539614131788511,0.3087872338092153,0.29192592353972974,0.06197719413132461,0.519729154923845,0.06295019600571726,0.5505717092002744,0.4394168887042073,0.6659791575680244,0.3321804120430846,0.029052565253646155,0.09927582216894341,0.06556485910965391,0.036695975447670864,0.07242243499494179,0.011055190929010384,0.011023419800115983,0.010207866081872484,0.012558547025798578,0.47839515897206564,0.10321901811563979,0.1616637958557806,0.027260243620753133,0.02207977945234744,0.01865722454693345,0.024765324279854978,0.022640553867214443,0.015457393798302623,0.014951489289408872,0.014452852399759106,0.009007900253606897,0.023832978580469472,0.018591429010520837,0.028547919553760723,0.019911009871423458,0.035294123,0.019607844,0.06666667,0.02745098,0.062745094,1.0,1.0,1.0,1.0,1.0,0.13811508743851272,0.08967248987268518,0.19206434461805555,0.06607733267324942,0.15414937337239584,0.13725491,0.047058824,0.18431373,0.05490196,0.14117648,0.0,0.0,0.0,0.0,0.0,7.233796296296296e-05,7.233796296296296e-05,7.233796296296296e-05,7.233796296296296e-05,7.233796296296296e-05,0.0015190972222222222,0.0026041666666666665,0.26945891203703703,0.0642361111111111,4.729890046296297,-1.2209280623165315,-1.3489604610596189,-1.1033874460133166,-1.2700316761955628,-1.0920719758408057,255,255,255,255,255,0.06334507,0.09435206,0.112217076,0.049241975,0.10565923,1382400,1382400,1382400,1382400,1382400,190930.3,123963.25,265509.75,91345.305,213096.1,b'eLtMChx1G23RDpbkNdqipXNwjzZt6Rveo01bugf5aBuX3iEeRL0yHFSH2gEA8BNxhQ==',6fd00eab5bccf58706ee532a4d182718,5a92136ec718b03fe55b1710090d7037,8c73c6fc9a539ecf32b8e9f98a16b53a,a757c9303a92194b9c2a84cd34675f9c,b20e3ced1767696a5563c1450b0aa1b4,,,0,CP-CC9-R3-03,0,1,J21,0,0,0,0,0,0,0,0,0,0,0,0,0,0,0,/home/user/Documents/WorkingDir/JUMPDiscovery_attempt_2/TH_analysis/high_res_images,/home/user/Documents/WorkingDir/JUMPDiscovery_attempt_2/TH_analysis/high_res_images,/home/user/Documents/WorkingDir/JUMPDiscovery_attempt_2/TH_analysis/high_res_images,/home/user/Documents/WorkingDir/JUMPDiscovery_attempt_2/TH_analysis/high_res_images,/home/user/Documents/WorkingDir/JUMPDiscovery_attempt_2/TH_analysis/high_res_images,255,255,255,255,255,0,0,0,0,0,0.1256910264492035,0.11604189872741699,0.0970052182674408,0.12569103,0.1160419,0.09700522,-11.04670555194275,-11.72753320438293,-12.707934333881383,0.5543706462206535,0.40378643889346644,2.8028659348077802,file:/home/user/Documents/WorkingDir/JUMPDiscovery_attempt_2/TH_analysis/high_res_images/CP-CC9-R3-03_J21_site1_AGP.tiff,file:/home/user/Documents/WorkingDir/JUMPDiscovery_attempt_2/TH_analysis/high_res_images/CP-CC9-R3-03_J21_site1_DNA.tiff,file:/home/user/Documents/WorkingDir/JUMPDiscovery_attempt_2/TH_analysis/high_res_images/CP-CC9-R3-03_J21_site1_ER.tiff,file:/home/user/Documents/WorkingDir/JUMPDiscovery_attempt_2/TH_analysis/high_res_images/CP-CC9-R3-03_J21_site1_Mito.tiff,file:/home/user/Documents/WorkingDir/JUMPDiscovery_attempt_2/TH_analysis/high_res_images/CP-CC9-R3-03_J21_site1_RNA.tiff,1280,1280,1280,1280,1280
-1,-1,-1,-1,-1,502.0,502.0,502.0,3229.0,0.0,0.0,0.1799999999999784,0.0,2.5900000000000034,0.4900000000000091,1.5199999999999818,0.13000000000002387,0.25,0.0,0.25,5.789999999999992,2.9399999999999977,5.660000000000025,0.6399999999999864,CP-CC9-R3-03_J21_site2_AGP.tiff,CP-CC9-R3-03_J21_site2_DNA.tiff,CP-CC9-R3-03_J21_site2_ER.tiff,CP-CC9-R3-03_J21_site2_Mito.tiff,CP-CC9-R3-03_J21_site2_RNA.tiff,0,0,0,0,0,1,1,10,1080,1080,1080,1080,1080,10,0.409546539495864,0.32087003803630854,0.49584052730740946,0.2177803823563564,0.38251891414763656,0.12826914652701785,0.5852788093042225,0.05923285909310127,0.40353224728844406,0.2824199632009604,0.5369215844841903,0.15611056254342548,0.20132167467395692,0.0454498926791782,0.39176455884490125,0.023576424894107318,0.40609473888818154,0.28106155503512803,0.5545229924649759,0.16385004736518616,0.01910071552900674,0.05298172138456187,0.03564787394793718,0.01948737901907976,0.048308174846538716,0.008267933374874734,0.007790131406232619,0.006830029249907873,0.0051980276655778515,0.21276249096374417,0.034539991958038196,0.08277280567632547,0.01301896834789833,0.014158295550192254,0.012145523292091582,0.016848104053032734,0.010161387373417421,0.012898051181757311,0.012314416383340002,0.009864795966748118,0.012486600406394821,0.019548636001632973,0.018059664043379393,0.024220798523199066,0.014830114450642211,0.031372547,0.011764705,0.043137252,0.015686274,0.05098039,1.0,1.0,1.0,1.0,1.0,0.13142293294270832,0.04841843216507523,0.16091889558015046,0.04102964613172743,0.16248764603226273,0.12941177,0.02745098,0.15294118,0.03529412,0.15294118,0.0,0.0,0.0,0.0,0.0,7.233796296296296e-05,7.233796296296296e-05,7.233796296296296e-05,7.233796296296296e-05,7.233796296296296e-05,0.0010127314814814814,0.009765625,0.08933738425925926,0.048177083333333336,0.7065972222222222,-1.1256820147325686,-1.3043110317185511,-0.9816412521323792,-1.1617010593293404,-0.982602908249148,255,255,255,255,255,0.050102618,0.05064871,0.07573913,0.028276497,0.0885973,1382400,1382400,1382400,1382400,1382400,181679.06,66933.64,222454.28,56719.383,224622.92,b'eLtMChx1G23RDp7kNdqipWtwjzZt6Rveo03bAamwRtu49AzxIOqV4aA61A4AACxxig==',955907f4170db912c03f5f6a783e5a7b,a15fc81948cb14e64c03bfbfae7f2107,e27259a3865c6a6e64230f2b8fc27440,f21896945b728908095ed0e312b9aeb4,71335ea23022de2d3763c65d672e552d,,,0,CP-CC9-R3-03,0,2,J21,0,0,0,0,0,0,0,0,0,0,0,0,0,0,0,/home/user/Documents/WorkingDir/JUMPDiscovery_attempt_2/TH_analysis/high_res_images,/home/user/Documents/WorkingDir/JUMPDiscovery_attempt_2/TH_analysis/high_res_images,/home/user/Documents/WorkingDir/JUMPDiscovery_attempt_2/TH_analysis/high_res_images,/home/user/Documents/WorkingDir/JUMPDiscovery_attempt_2/TH_analysis/high_res_images,/home/user/Documents/WorkingDir/JUMPDiscovery_attempt_2/TH_analysis/high_res_images,255,255,255,255,255,0,0,0,0,0,0.13034264743328094,0.05822496488690376,0.08531710505485535,0.13034265,0.058224965,0.085317105,-10.071824413834634,-11.711524381648374,-12.680181812452377,0.2637557803499577,0.4285971028497443,2.650588231728845,file:/home/user/Documents/WorkingDir/JUMPDiscovery_attempt_2/TH_analysis/high_res_images/CP-CC9-R3-03_J21_site2_AGP.tiff,file:/home/user/Documents/WorkingDir/JUMPDiscovery_attempt_2/TH_analysis/high_res_images/CP-CC9-R3-03_J21_site2_DNA.tiff,file:/home/user/Documents/WorkingDir/JUMPDiscovery_attempt_2/TH_analysis/high_res_images/CP-CC9-R3-03_J21_site2_ER.tiff,file:/home/user/Documents/WorkingDir/JUMPDiscovery_attempt_2/TH_analysis/high_res_images/CP-CC9-R3-03_J21_site2_Mito.tiff,file:/home/user/Documents/WorkingDir/JUMPDiscovery_attempt_2/TH_analysis/high_res_images/CP-CC9-R3-03_J21_site2_RNA.tiff,1280,1280,1280,1280,1280
-1,-1,-1,-1,-1,495.0,495.0,495.0,3126.0,0.0,0.0,0.1599999999999966,0.0,2.460000000000008,0.47999999999998977,1.3600000000000136,0.10999999999998522,0.25,0.0,0.2599999999999909,5.72999999999999,2.7200000000000273,5.009999999999991,0.6200000000000045,CP-CC9-R4-03_J21_site1_AGP.tiff,CP-CC9-R4-03_J21_site1_DNA.tiff,CP-CC9-R4-03_J21_site1_ER.tiff,CP-CC9-R4-03_J21_site1_Mito.tiff,CP-CC9-R4-03_J21_site1_RNA.tiff,0,0,0,0,0,1,1,11,1080,1080,1080,1080,1080,11,0.32572997430766026,0.23941173457623147,0.4190444027984097,0.14501645919857398,0.13543579698200484,0.02606316489642307,0.28994346416648614,0.0027743868915582615,0.20393966730988117,0.121520389440728,0.3319983036889902,0.06116745187531733,0.2786921287649619,0.06661413315407852,0.49689704425047915,0.051049418041161795,0.38904377734211076,0.258548361790018,0.5421788103857106,0.15406512949434636,0.017391776242776758,0.027244135280730206,0.018730899869554778,0.030960567780121268,0.04751319155330092,0.011843472244586581,0.0126201163396191,0.011031470728063182,0.01116953279191811,0.11213273916103952,0.030112228383154,0.03767549990182543,0.010333139449029962,0.011348128353199448,0.010827395150607034,0.010669497230815825,0.011809881312431367,0.01687595184520084,0.01521321149068689,0.0140812089147303,0.0074476153427229606,0.02157254327576668,0.01890533398875422,0.02358120988650793,0.01824985827015692,0.019607846,0.007843138,0.019607846,0.02352941,0.050980397,1.0,1.0,1.0,1.0,1.0,0.07827302155671297,0.02938256722909433,0.07917728000217014,0.06382320827907986,0.18241596363208912,0.07058824,0.015686275,0.07450981,0.05490196,0.17254902,0.0,0.0,0.0,0.0,0.0,7.233796296296296e-05,7.233796296296296e-05,7.233796296296296e-05,7.233796296296296e-05,7.233796296296296e-05,0.01273148148148148,0.029947916666666668,1.9852430555555556,0.02141203703703704,0.4952980324074074,-1.1909634197239765,-1.2187844648641675,-0.9651360537105418,-1.1651364057077254,-0.9266460449378104,255,255,255,255,255,0.036895894,0.028293155,0.03851054,0.044452254,0.093097605,1382400,1382400,1382400,1382400,1382400,108204.625,40618.46,109454.67,88229.2,252171.83,b'eLtMChx1G23RDmDyMkFOXqMtWjoH92jTlr7hPdq0pXuQj7Zx6R3iQdQrw0F1qB0AAG1xig==',f19b05675355dd7aee2e45f3282f629a,4f74db0dbf866a277e77f79fc6de5086,29b4477396219441d86b94f67df7b281,1eaed95a5ccae43ad6ebad8888fa38ac,be63064ebb41a4c75eb2de60e2fab098,,,0,CP-CC9-R4-03,0,1,J21,0,0,0,0,0,0,0,0,0,0,0,0,0,0,0,/home/user/Documents/WorkingDir/JUMPDiscovery_attempt_2/TH_analysis/high_res_images,/home/user/Documents/WorkingDir/JUMPDiscovery_attempt_2/TH_analysis/high_res_images,/home/user/Documents/WorkingDir/JUMPDiscovery_attempt_2/TH_analysis/high_res_images,/home/user/Documents/WorkingDir/JUMPDiscovery_attempt_2/TH_analysis/high_res_images,/home/user/Documents/WorkingDir/JUMPDiscovery_attempt_2/TH_analysis/high_res_images,255,255,255,255,255,0,0,0,0,0,0.07772044092416763,0.034999288618564606,0.08289675414562225,0.07772044,0.03499929,0.082896754,-10.442335330403612,-11.644411989398872,-12.70652946695366,0.3543694851768992,0.42388761482253257,2.677096543646176,file:/home/user/Documents/WorkingDir/JUMPDiscovery_attempt_2/TH_analysis/high_res_images/CP-CC9-R4-03_J21_site1_AGP.tiff,file:/home/user/Documents/WorkingDir/JUMPDiscovery_attempt_2/TH_analysis/high_res_images/CP-CC9-R4-03_J21_site1_DNA.tiff,file:/home/user/Documents/WorkingDir/JUMPDiscovery_attempt_2/TH_analysis/high_res_images/CP-CC9-R4-03_J21_site1_ER.tiff,file:/home/user/Documents/WorkingDir/JUMPDiscovery_attempt_2/TH_analysis/high_res_images/CP-CC9-R4-03_J21_site1_Mito.tiff,file:/home/user/Documents/WorkingDir/JUMPDiscovery_attempt_2/TH_analysis/high_res_images/CP-CC9-R4-03_J21_site1_RNA.tiff,1280,1280,1280,1280,1280
-1,-1,-1,-1,-1,380.0,380.0,380.0,2590.0,0.0,0.0,0.12999999999999545,0.0,2.4399999999999977,0.4800000000000182,2.0900000000000034,0.13999999999998636,0.2400000000000091,0.0,0.24999999999997158,5.740000000000009,3.0800000000000125,4.349999999999994,0.5900000000000034,CP-CC9-R4-03_J21_site2_AGP.tiff,CP-CC9-R4-03_J21_site2_DNA.tiff,CP-CC9-R4-03_J21_site2_ER.tiff,CP-CC9-R4-03_J21_site2_Mito.tiff,CP-CC9-R4-03_J21_site2_RNA.tiff,0,0,0,0,0,1,1,12,1080,1080,1080,1080,1080,12,0.21134396536085753,0.11134845505585511,0.3188840306433807,0.02166899661263762,0.446594035851894,0.12372256034943455,0.657296718785884,0.02533250732862865,0.2209730704122921,0.13753245085115057,0.33552419315372095,0.06037800111191861,0.11300130198059505,0.02364914524756575,0.2748357076387779,0.010776026555411555,0.5139931312163681,0.40138656184778704,0.6376684840574791,0.26676366186910155,0.01595715225104428,0.05783486393458793,0.02642357651429979,0.023852590429741437,0.0692092895148854,0.023990737057826346,0.026355884120582353,0.013627378578945856,0.014115940849381635,0.26907237134474554,0.12549897632038384,0.08338865744920873,0.030210117993119474,0.014788619169851603,0.014175897063362744,0.014120992630238884,0.009286434486731816,0.05324569559194669,0.04822447457565048,0.031818500404441695,0.02604391689068987,0.024644895210110915,0.021428990135210834,0.0268838446944757,0.020748593655603064,0.019607842,0.015686275,0.023529414,0.015686274,0.062745094,1.0,1.0,1.0,1.0,1.0,0.059480517352068864,0.05649998982747396,0.06154678344726563,0.03539974071361401,0.14847041377314815,0.05882353,0.03529412,0.0627451,0.02745098,0.14509805,0.0,0.0,0.0,0.0,0.0,7.233796296296296e-05,7.233796296296296e-05,7.233796296296296e-05,7.233796296296296e-05,7.233796296296296e-05,0.017939814814814815,0.0016637731481481482,9.28443287037037,0.3483072916666667,3.0219184027777777,-1.275116499885909,-1.3491730155376724,-1.141588906846706,-1.147002567148214,-1.1072646299532416,255,255,255,255,255,0.030808112,0.057163533,0.04032724,0.029058142,0.1013683,1382400,1382400,1382400,1382400,1382400,82225.87,78105.586,85082.27,48936.6,205245.5,b'eLtMChx1G23RDmDyMkFNXqMtWroG92jTlr7hPdq0pXuQj7Zx6R3iQdQrw0F1qB0AEHdxjw==',45a5374ed7084a7f5827eb1ddcc7a086,ca7b5823819f4b4a3abbe5b4411d28a4,be191fba57e425a740cd9a795021f227,079d161d7ac25844b0974536ebdd46eb,6e22b9f12e4afca54297fa391a1657c5,,,0,CP-CC9-R4-03,0,2,J21,0,0,0,0,0,0,0,0,0,0,0,0,0,0,0,/home/user/Documents/WorkingDir/JUMPDiscovery_attempt_2/TH_analysis/high_res_images,/home/user/Documents/WorkingDir/JUMPDiscovery_attempt_2/TH_analysis/high_res_images,/home/user/Documents/WorkingDir/JUMPDiscovery_attempt_2/TH_analysis/high_res_images,/home/user/Documents/WorkingDir/JUMPDiscovery_attempt_2/TH_analysis/high_res_images,/home/user/Documents/WorkingDir/JUMPDiscovery_attempt_2/TH_analysis/high_res_images,255,255,255,255,255,0,0,0,0,0,0.04719375818967819,0.07508602738380432,0.08531710505485535,0.04719376,0.07508603,0.085317105,-11.568386658489153,-11.880720741787638,-12.623306139524441,0.4921448695845902,0.38902447358705106,2.6352179684438113,file:/home/user/Documents/WorkingDir/JUMPDiscovery_attempt_2/TH_analysis/high_res_images/CP-CC9-R4-03_J21_site2_AGP.tiff,file:/home/user/Documents/WorkingDir/JUMPDiscovery_attempt_2/TH_analysis/high_res_images/CP-CC9-R4-03_J21_site2_DNA.tiff,file:/home/user/Documents/WorkingDir/JUMPDiscovery_attempt_2/TH_analysis/high_res_images/CP-CC9-R4-03_J21_site2_ER.tiff,file:/home/user/Documents/WorkingDir/JUMPDiscovery_attempt_2/TH_analysis/high_res_images/CP-CC9-R4-03_J21_site2_Mito.tiff,file:/home/user/Documents/WorkingDir/JUMPDiscovery_attempt_2/TH_analysis/high_res_images/CP-CC9-R4-03_J21_site2_RNA.tiff,1280,1280,1280,1280,1280
